oeis_id,prev_1_ratio,prev_2_ratio,diagonal_ratio,total_local_ratio,pattern_alignment
A107413,0.075816706,0.05924624,0.073805474,0.3468173,UNKNOWN
A022433,0.05677247,0.052243527,0.04991333,0.26068038,UNKNOWN
A023622,0.071912594,0.052265342,0.061588813,0.30533078,UNKNOWN
A047961,0.060938608,0.040186398,0.04817132,0.2450395,UNKNOWN
A106589,0.042506177,0.026909765,0.03051416,0.16580743,UNKNOWN
