{
  "best_epoch": 168,
  "val_loss": 1.8967037082273552,
  "val_mag_acc": 87.07553907113896,
  "val_mag_mse": 1.0874745718148904,
  "val_sign_acc": 97.57072429045337,
  "val_mod_acc": 42.01007878732031,
  "val_mod_loss": 0.5663926158711852,
  "representative_mods": {
    "mod_2": 80.20986914854404,
    "mod_3": 61.57851087357169,
    "mod_5": 45.362605971249536,
    "mod_7": 40.813329340213784,
    "mod_10": 45.309044415775894,
    "mod_100": 41.74345742720236,
    "mod_101": 39.844613896056025
  },
  "saved_at": "2026-02-14 03:07:27"
}