{
  "best_epoch": 174,
  "val_loss": 1.7469635850059277,
  "val_mag_acc": 86.91857468473319,
  "val_mag_mse": 1.0764795271427052,
  "val_sign_acc": 97.76592942146678,
  "val_mod_acc": 45.5539647450949,
  "val_mod_loss": 0.5340208675586581,
  "representative_mods": {
    "mod_2": 81.40813451384196,
    "mod_3": 64.69698878669521,
    "mod_5": 49.76519637600651,
    "mod_7": 44.65735851649925,
    "mod_10": 48.95598291087771,
    "mod_100": 45.35489708728968,
    "mod_101": 43.39743663165611
  },
  "saved_at": "2026-02-02 17:04:39"
}