{
  "best_epoch": 175,
  "val_loss": 1.0704117505458792,
  "val_mag_acc": 95.66432440513842,
  "val_mag_mse": 0.17091482141867279,
  "val_sign_acc": 98.42271111980035,
  "val_mod_acc": 46.68062631536577,
  "val_mod_loss": 0.4989575369671698,
  "representative_mods": {
    "mod_2": 84.41629385990133,
    "mod_3": 69.7439996319851,
    "mod_5": 55.067680241049764,
    "mod_7": 49.83784343265902,
    "mod_10": 53.32535967706692,
    "mod_100": 44.610881740710504,
    "mod_101": 41.91344749462353
  },
  "saved_at": "2026-02-08 02:04:42"
}