{
  "best_epoch": 170,
  "val_loss": 1.3784679644182758,
  "val_mag_acc": 89.34400349038137,
  "val_mag_mse": 0.3153663954665519,
  "val_sign_acc": 98.38742084928785,
  "val_mod_acc": 34.92685125119838,
  "val_mod_loss": 0.6345296266539688,
  "representative_mods": {
    "mod_2": 71.89955968379901,
    "mod_3": 53.19903784882286,
    "mod_5": 41.928780146159724,
    "mod_7": 38.15480530216484,
    "mod_10": 39.03543770415573,
    "mod_100": 33.25449357896127,
    "mod_101": 31.918044927178475
  },
  "saved_at": "2026-02-06 06:21:26"
}