{
  "best_epoch": 172,
  "val_loss": 1.4337180435171781,
  "val_mag_acc": 91.93224412715672,
  "val_mag_mse": 0.23377159705554035,
  "val_sign_acc": 98.08292082749148,
  "val_mod_acc": 31.809825746087153,
  "val_mod_loss": 0.6654986829363564,
  "representative_mods": {
    "mod_2": 69.73933445878279,
    "mod_3": 50.172537125525764,
    "mod_5": 38.645454805573834,
    "mod_7": 34.58925863400955,
    "mod_10": 35.36124066496896,
    "mod_100": 30.151935677701797,
    "mod_101": 28.885518898967067
  },
  "saved_at": "2026-02-17 14:39:31"
}