{
  "best_epoch": 180,
  "val_loss": 1.002752358755216,
  "val_mag_acc": 95.73103015725967,
  "val_mag_mse": 0.18035141587712164,
  "val_sign_acc": 98.61441172916582,
  "val_mod_acc": 50.150970429658955,
  "val_mod_loss": 0.46611031317461077,
  "representative_mods": {
    "mod_2": 85.67055452301354,
    "mod_3": 72.08971799135733,
    "mod_5": 60.02681412517477,
    "mod_7": 54.19963288815748,
    "mod_10": 58.041072795171154,
    "mod_100": 48.24183348773513,
    "mod_101": 44.97120070890563
  },
  "saved_at": "2026-01-29 20:11:59"
}