{
  "best_epoch": 165,
  "val_loss": 1.565470405313272,
  "val_mag_acc": 93.526179534932,
  "val_mag_mse": 0.37505331007921283,
  "val_sign_acc": 97.46824495349897,
  "val_mod_acc": 25.885578048513295,
  "val_mod_loss": 0.7273189299181537,
  "representative_mods": {
    "mod_2": 63.74591350173262,
    "mod_3": 45.765897703488875,
    "mod_5": 34.97811885583814,
    "mod_7": 30.543079043110755,
    "mod_10": 29.580193384341285,
    "mod_100": 24.129222714876295,
    "mod_101": 22.972606767875366
  },
  "saved_at": "2026-02-20 04:08:26"
}