{
  "best_epoch": 177,
  "val_loss": 2.1715411400906004,
  "val_mag_acc": 85.58310112152546,
  "val_mag_mse": 1.2731289611073462,
  "val_sign_acc": 97.02922414388688,
  "val_mod_acc": 36.05069893835064,
  "val_mod_loss": 0.6250121305166495,
  "representative_mods": {
    "mod_2": 78.1849480689957,
    "mod_3": 57.068834488635055,
    "mod_5": 39.309812772033254,
    "mod_7": 34.304400893535686,
    "mod_10": 39.477350712755914,
    "mod_100": 36.05001957487967,
    "mod_101": 33.85245146581305
  },
  "saved_at": "2026-02-19 08:51:48"
}