{
  "best_epoch": 174,
  "val_loss": 1.22030597932125,
  "val_mag_acc": 94.68692227312917,
  "val_mag_mse": 0.3641747788577118,
  "val_sign_acc": 97.95434450606865,
  "val_mod_acc": 40.32518056655987,
  "val_mod_loss": 0.5633904423924625,
  "representative_mods": {
    "mod_2": 81.89109740833878,
    "mod_3": 64.54178005902143,
    "mod_5": 46.087246087246086,
    "mod_7": 40.810339086201154,
    "mod_10": 45.441914407431646,
    "mod_100": 38.53273163617991,
    "mod_101": 35.82050133774272
  },
  "saved_at": "2026-02-18 11:58:34"
}